parameter,estimate,std_error,ci_lower,ci_upper,true_value
a,0.6555662603417869,0.6215726349402046,-0.5627161041410143,1.873848624824588,0.5
m,0.6622099187093675,0.6238398757948721,-0.5605162378485817,1.8849360752673168,1.0
b,2.6271603332654143,0.856649988020916,0.9481263567444191,4.3061943097864095,2.0
