n,true_a,true_m,true_b,a_hat,m_hat,b_hat,loglik_hat
500,0.5,1.0,2.0,0.1230596488674961,1.890100366407895,1.9273543960915096,-776.7672923096444
