Model,mu,sigma,a/df
Normal,0.042125847638770475,1.054236517552679,
Student-t,0.08008876716615683,0.6803291814030668,3.5684048794712586
NUVM,0.10830799691269606,1.2468904433089156,0.999
