parameter,estimate,std_error,ci_lower,ci_upper
mu,0.10830799691269606,7.80782337980036e-06,0.10829269386007401,0.10832329996531812
sigma,1.2468904433089156,9.735497558914194e-06,1.2468713620843286,1.2469095245335027
a,0.999,7.807801884424393e-06,0.9989846969895081,0.9990153030104919
