,mu,sigma,a
mu,16403632793.553526,-106.68475042166139,-1598.377775735571
sigma,-106.68475042166139,10550758819.099545,3232.571081964382
a,-1598.377775735571,3232.571081964382,16403723114.170929
