mu_mom,sigma_mom,a_mom_raw,a_mom,sample_kurtosis,boundary_flag
0.042125847638770475,1.054236517552679,4.513235622697897,0.999,23.36929578598927,True
