mu,sigma,a,E[V^3],Sixth central moment,E[V^4],Eighth central moment
0.10830799691269606,1.2468904433089156,0.999,7.5087125564185255,112.63068834627788,18.66916323722358,1960.2621399084758
