dataset,n,tvmn_loglik,nuvm_loglik,loglik_tvmn_minus_nuvm,delta_aic_tvmn_minus_nuvm,delta_bic_tvmn_minus_nuvm,tvmn_ks,nuvm_ks,delta_ks_tvmn_minus_nuvm
diabetes_target,442,-2547.1714513007655,-2547.165810133958,-0.005641166807436093,2.011282333614872,6.102592215692312,0.09616563330571565,0.09603878410338679,0.00012684920232886032
breast_cancer_mean_radius,569,-1516.8189123865704,-1517.357330278145,0.5384178915744542,0.9231642168510916,5.267044650977368,0.07190023890305408,0.06638262165038189,0.005517617252672191
breast_cancer_mean_texture,569,-1634.4995051556689,-1634.9005268003061,0.40102164463723966,1.1979567107255207,5.541837144851797,0.037386865408229,0.03841605707701762,-0.0010291916687886205
breast_cancer_mean_area,569,-4106.342317648456,-4114.481199309676,8.138881661220694,-14.277763322441388,-9.933882888315566,0.12451462923110596,0.125355634766251,-0.0008410055351450452
wine_alcohol,178,-214.9627794298856,-214.96224110548908,-0.0005383243965013662,2.0010766487930027,5.182860199085098,0.06816518364754781,0.06854086173549012,-0.0003756780879423105
wine_malic_acid,178,-271.3608923042608,-271.46965693099435,0.10876462673354581,1.7824707465329084,4.964254296825061,0.16942051938602426,0.17416380694568206,-0.004743287559657805
wine_proline,178,-1275.9765571998046,-1275.9752875066656,-0.001269693138965522,2.002539386277931,5.18432293656997,0.12834603866046268,0.1293199083891105,-0.0009738697286478248
linnerud_weight,20,-49.561554125170844,-49.896232789087954,0.33467866391711,1.33064267216578,2.3263749457197633,0.11808000251951167,0.11953466708912275,-0.001454664569611075
